di saat cowok usaha lacak perhati gue lantas remeh perhati gue kasih khusus basic cowok bego,2
telat tau eluedan sarap gue gaul cigax jifla cal licew,1
kadang pikir percaya tuhan jatuh berkalikali kadang tuhan tinggal orang tua rencana pisah kakak pilih kristen anak ter,0
akunnku tau mata sipit lihat,0
kaum cebong kafir lihat dongok dungu haha,2
bani taplak dan kawan kawan xfxfxxxfxfxxxfxfxx,2
deklarasi pilih kepala daerah aman anti hoaks warga dukuh sari jabon,0
gue selesai rewatch aldnoah zero kampret karakter utama cowok kena friendzone bro uniform resource locator,1
admin belanja port nak makan ais kepal milo ais kepal horlicks cendol toping kau kau  doket gerai rozak mertua taipan kembar baby romantika bank islam senawang ,0
enak ngewe,1
gue jari gue ukur nyali bacot xfxfxxf,2
banci kaleng malu nyungsep koe uniform resource locator,2
ajar ekonomi mesti jago privatisasi hati orang aduh ironi,0
aktor huru hara prabowo si lengser perintah jokowi nyata,1
bu guru enak jablay guru sekolah dasar sihnkayaknya nikmat pecun guru,2
lawan bicara gue intelek kayak otak kencing onta gue hadis nabi sahih kafir kayak tolak ahlun nar,2
pikir ampas banget,0
ari bek rapi monyetxfxfxxxfxfxx,1
cowok gantle gantle nama banci,2
alga mnr bom xfxfxx,0
anjing gue jarang ambek takut wkwk gue budak cinta,1
noob peluang sakit nya gede,0
joko widodo nilai presiden lemah sejarah indonesia jokowi milik modal dukung politik ketidakmampuan perintah hadap situasi ekonomi,0
ajar camat bilah hilir deklarasi anti hoaks pilih kepala daerah damai,0
bandara udara internasional kertajati bangun gubernur ahmad heryawan anggar dapat dan belanja negara perintah pusat insya allah operasi,0
gubernur presiden rakyat,0
kerja delay mulu setan,2
pintu sorga pintu sorga asli pintu hati modus banget,0
partai komunis indonesia muncul jelang pilih kepala daerah pilih presiden goreng gosong,1
neneknenek heran cebong bohong,2
islam nusantara produk jil pasar gencar antekxcxb jilnnsementara jil anti arab pro asengnnkata almarhum kh hasyim muzadi,1
habis sahur jam si bayi nete lemas xfxfxaxa,0
kak emak suka sipit wkwk,0
laku homo jaman now ngentot live blued gay video gvid lokal hangat uniform resource locator,1
kak gue orang jawa maaf gue orang palembang kakak deh ajar aksara jawa kelak ajar budaya palembang,0
pegawai guardian training kayak mentang gue kayak gembel kaos flat shoes dijutekin bangsat malas beli kabur gue matahari,2
xexxdpara bajing luka lady terima ganjar ratus kali lipatxexxdsanji hbdthpelautjkt,1
aja tolak berita hoaks sukses pilih kepala daerah wilayah kota,0
presiden ri jokowi luar biasa kerja nya tulus ikhlas rakyatbrsamajkw,0
edan tuju fabiano,1
tidak pernah alquran bang pantas saja mulut kayak orang kafir bejat hina farhat abbas law,2
lihat beda wibawa wibawa gubernur indonesia masya allah,0
anjir kali lihat orang bego debat pilih kepala daerah kerja serang karakter kecewa on empok silvy and agus debat final pilih kepala daerah jakarta,2
gubernur zaman now gusipulputi ganjar yasin djarotsihar hasananton kosterace nurdinsudirman karolingidot keanekaragaman budaya suku agama sungguh kaya djarot hadap rakercabsu,0
iya islam di lokalisasi kristen mas nusantara mas lihat gereja bandung pakai gamelan khotbah pakai bahas sundajawa huria kristen batak protestan nusantara,0
cipta situasi aman dan tertib masyarakat jelang pilih kepala daerah kepala polisi sektor konang silaturahmi tokoh masyarakat,0
positif koknsepositif respon masyarakat terhadapn cangkul imporn garam imporn beras imporn jagung imporn tenaga kerja imporn esemka impornnurl,0
sembahyang adopsi tradisi lokal kerja hindunnistilahxcxasembahyangxcxapun lahir tradisi ritusxcxamenyembahhyang tunggal denganxcxashalat sembah all,0
didik bodohgk larang bawa agamabiar orang islam bayar ahok sadar pilih ahok gila,2
ahok the best abai kaum kampret otak micin,2
